"date_local","time_local","timestamp_iso","roundId","value","reason","url","pageTitle"
"2026-04-24","04:34:07","2026-04-24T04:34:07.101Z","1","1.92","stalled","https://888starz.bet/games-frame/games/371?co=96&cu=27&lg=en&wh=55","Crash"
"2026-04-24","04:34:24","2026-04-24T04:34:24.303Z","2","2.31","stalled","https://888starz.bet/games-frame/games/371?co=96&cu=27&lg=en&wh=55","Crash"
"2026-04-24","04:34:37","2026-04-24T04:34:37.902Z","3","1.3","stalled","https://888starz.bet/games-frame/games/371?co=96&cu=27&lg=en&wh=55","Crash"
"2026-04-24","04:34:51","2026-04-24T04:34:51.507Z","4","1.29","stalled","https://888starz.bet/games-frame/games/371?co=96&cu=27&lg=en&wh=55","Crash"
"2026-04-24","04:36:14","2026-04-24T04:36:14.299Z","5","2.08","stalled","https://888starz.bet/games-frame/games/371?co=96&cu=27&lg=en&wh=55","Crash"
"2026-04-24","04:36:35","2026-04-24T04:36:35.499Z","6","4.32","stalled","https://888starz.bet/games-frame/games/371?co=96&cu=27&lg=en&wh=55","Crash"
"2026-04-24","04:36:53","2026-04-24T04:36:53.106Z","7","2.64","stalled","https://888starz.bet/games-frame/games/371?co=96&cu=27&lg=en&wh=55","Crash"
"2026-04-24","04:38:52","2026-04-24T04:38:52.739Z","8","7.54","stalled","https://888starz.bet/games-frame/games/371?co=96&cu=27&lg=en&wh=55","Crash"
"2026-04-24","04:39:21","2026-04-24T04:39:21.716Z","1","1.71","stalled","https://888starz.bet/en/games/crash","Crash Play Online 👉 888starz Gambling Games | 888starz.bet"
"2026-04-24","04:39:40","2026-04-24T04:39:40.512Z","2","2.97","stalled","https://888starz.bet/en/games/crash","Crash Play Online 👉 888starz Gambling Games | 888starz.bet"
"2026-04-24","04:39:58","2026-04-24T04:39:58.516Z","3","2.72","stalled","https://888starz.bet/en/games/crash","Crash Play Online 👉 888starz Gambling Games | 888starz.bet"
"2026-04-24","04:43:24","2026-04-24T04:43:24.145Z","1","1.13","stalled","https://888starz.bet/games-frame/games/371?co=96&cu=27&lg=en&wh=55","Crash"
"2026-04-24","04:43:36","2026-04-24T04:43:36.145Z","2","1.06","stalled","https://888starz.bet/games-frame/games/371?co=96&cu=27&lg=en&wh=55","Crash"
"2026-04-24","04:43:50","2026-04-24T04:43:50.549Z","3","1.42","stalled","https://888starz.bet/games-frame/games/371?co=96&cu=27&lg=en&wh=55","Crash"
"2026-04-24","04:44:06","2026-04-24T04:44:06.144Z","4","1.75","stalled","https://888starz.bet/games-frame/games/371?co=96&cu=27&lg=en&wh=55","Crash"
"2026-04-24","04:44:18","2026-04-24T04:44:18.946Z","5","1.17","stalled","https://888starz.bet/games-frame/games/371?co=96&cu=27&lg=en&wh=55","Crash"
"2026-04-24","04:45:36","2026-04-24T04:45:36.944Z","6","4.25","stalled","https://888starz.bet/games-frame/games/371?co=96&cu=27&lg=en&wh=55","Crash"
"2026-04-24","04:45:49","2026-04-24T04:45:49.343Z","7","1.08","stalled","https://888starz.bet/games-frame/games/371?co=96&cu=27&lg=en&wh=55","Crash"
"2026-04-24","04:46:03","2026-04-24T04:46:03.346Z","8","1.34","stalled","https://888starz.bet/games-frame/games/371?co=96&cu=27&lg=en&wh=55","Crash"
"2026-04-24","04:46:16","2026-04-24T04:46:16.144Z","9","1.17","stalled","https://888starz.bet/games-frame/games/371?co=96&cu=27&lg=en&wh=55","Crash"
"2026-04-24","04:46:30","2026-04-24T04:46:30.545Z","10","1.45","stalled","https://888starz.bet/games-frame/games/371?co=96&cu=27&lg=en&wh=55","Crash"
"2026-04-24","04:46:44","2026-04-24T04:46:44.944Z","11","1.42","stalled","https://888starz.bet/games-frame/games/371?co=96&cu=27&lg=en&wh=55","Crash"
"2026-04-24","04:46:59","2026-04-24T04:46:59.348Z","12","1.4","stalled","https://888starz.bet/games-frame/games/371?co=96&cu=27&lg=en&wh=55","Crash"
"2026-04-24","04:48:33","2026-04-24T04:48:33.725Z","13","2.47","stalled","https://888starz.bet/games-frame/games/371?co=96&cu=27&lg=en&wh=55","Crash"
"2026-04-24","04:48:52","2026-04-24T04:48:52.146Z","14","1.42","stalled","https://888starz.bet/games-frame/games/371?co=96&cu=27&lg=en&wh=55","Crash"
"2026-04-24","04:49:14","2026-04-24T04:49:14.950Z","15","5.33","stalled","https://888starz.bet/games-frame/games/371?co=96&cu=27&lg=en&wh=55","Crash"
"2026-04-24","04:49:45","2026-04-24T04:49:45.750Z","16","3.19","stalled","https://888starz.bet/games-frame/games/371?co=96&cu=27&lg=en&wh=55","Crash"
"2026-04-24","04:50:01","2026-04-24T04:50:01.457Z","17","1.8","stalled","https://888starz.bet/games-frame/games/371?co=96&cu=27&lg=en&wh=55","Crash"
"2026-04-24","04:50:53","2026-04-24T04:50:53.356Z","18","1.07","stalled","https://888starz.bet/games-frame/games/371?co=96&cu=27&lg=en&wh=55","Crash"
"2026-04-24","04:52:04","2026-04-24T04:52:04.718Z","19","2.17","stalled","https://888starz.bet/games-frame/games/371?co=96&cu=27&lg=en&wh=55","Crash"
"2026-04-24","04:52:51","2026-04-24T04:52:51.354Z","20","1.88","stalled","https://888starz.bet/games-frame/games/371?co=96&cu=27&lg=en&wh=55","Crash"
"2026-04-24","04:54:15","2026-04-24T04:54:15.200Z","1","1.14","stalled","https://888starz.bet/games-frame/games/371?co=96&cu=27&lg=en&wh=55","Crash"
"2026-04-24","04:54:28","2026-04-24T04:54:28.800Z","2","1.26","stalled","https://888starz.bet/games-frame/games/371?co=96&cu=27&lg=en&wh=55","Crash"
"2026-04-24","04:54:47","2026-04-24T04:54:47.599Z","3","2.96","stalled","https://888starz.bet/games-frame/games/371?co=96&cu=27&lg=en&wh=55","Crash"
"2026-04-24","04:55:14","2026-04-24T04:55:14.800Z","4","9.76","stalled","https://888starz.bet/games-frame/games/371?co=96&cu=27&lg=en&wh=55","Crash"
"2026-04-24","04:55:38","2026-04-24T04:55:38.806Z","5","6.59","stalled","https://888starz.bet/games-frame/games/371?co=96&cu=27&lg=en&wh=55","Crash"
"2026-04-24","04:55:51","2026-04-24T04:55:51.199Z","6","1.12","stalled","https://888starz.bet/games-frame/games/371?co=96&cu=27&lg=en&wh=55","Crash"
"2026-04-24","04:56:27","2026-04-24T04:56:27.322Z","7","11.55","stalled","https://888starz.bet/games-frame/games/371?co=96&cu=27&lg=en&wh=55","Crash"
"2026-04-24","04:57:06","2026-04-24T04:57:06.802Z","8","2.98","stalled","https://888starz.bet/games-frame/games/371?co=96&cu=27&lg=en&wh=55","Crash"
"2026-04-24","04:57:39","2026-04-24T04:57:39.717Z","9","1.59","stalled","https://888starz.bet/games-frame/games/371?co=96&cu=27&lg=en&wh=55","Crash"
"2026-04-24","04:57:52","2026-04-24T04:57:52.802Z","10","1.09","stalled","https://888starz.bet/games-frame/games/371?co=96&cu=27&lg=en&wh=55","Crash"
"2026-04-24","04:58:06","2026-04-24T04:58:06.000Z","11","1.21","stalled","https://888starz.bet/games-frame/games/371?co=96&cu=27&lg=en&wh=55","Crash"
"2026-04-24","04:58:22","2026-04-24T04:58:22.798Z","12","2.21","stalled","https://888starz.bet/games-frame/games/371?co=96&cu=27&lg=en&wh=55","Crash"
"2026-04-24","04:58:42","2026-04-24T04:58:42.404Z","13","3.46","stalled","https://888starz.bet/games-frame/games/371?co=96&cu=27&lg=en&wh=55","Crash"
"2026-04-24","04:58:57","2026-04-24T04:58:57.600Z","14","1.63","stalled","https://888starz.bet/games-frame/games/371?co=96&cu=27&lg=en&wh=55","Crash"
"2026-04-24","04:59:15","2026-04-24T04:59:15.607Z","15","2.82","stalled","https://888starz.bet/games-frame/games/371?co=96&cu=27&lg=en&wh=55","Crash"
"2026-04-24","04:59:35","2026-04-24T04:59:35.999Z","16","3.83","stalled","https://888starz.bet/games-frame/games/371?co=96&cu=27&lg=en&wh=55","Crash"
"2026-04-24","05:00:12","2026-04-24T05:00:12.578Z","1","21.83","stalled","https://888starz.bet/en/games/crash","Crash Play Online 👉 888starz Gambling Games | 888starz.bet"
"2026-04-24","05:00:26","2026-04-24T05:00:26.959Z","2","1.45","stalled","https://888starz.bet/en/games/crash","Crash Play Online 👉 888starz Gambling Games | 888starz.bet"
"2026-04-24","05:00:57","2026-04-24T05:00:57.361Z","3","13.14","stalled","https://888starz.bet/en/games/crash","Crash Play Online 👉 888starz Gambling Games | 888starz.bet"
"2026-04-24","05:01:33","2026-04-24T05:01:33.356Z","4","2.94","stalled","https://888starz.bet/en/games/crash","Crash Play Online 👉 888starz Gambling Games | 888starz.bet"
"2026-04-24","05:02:57","2026-04-24T05:02:57.761Z","5","4.08","stalled","https://888starz.bet/en/games/crash","Crash Play Online 👉 888starz Gambling Games | 888starz.bet"
"2026-04-24","05:04:27","2026-04-24T05:04:27.912Z","1","6.48","stalled","https://888starz.bet/en/games/crash","Crash Play Online 👉 888starz Gambling Games | 888starz.bet"
"2026-04-24","05:04:41","2026-04-24T05:04:41.912Z","2","1.34","stalled","https://888starz.bet/en/games/crash","Crash Play Online 👉 888starz Gambling Games | 888starz.bet"
"2026-04-24","05:04:56","2026-04-24T05:04:56.704Z","3","1.54","stalled","https://888starz.bet/en/games/crash","Crash Play Online 👉 888starz Gambling Games | 888starz.bet"
"2026-04-24","05:05:11","2026-04-24T05:05:11.505Z","4","1.51","stalled","https://888starz.bet/en/games/crash","Crash Play Online 👉 888starz Gambling Games | 888starz.bet"
"2026-04-24","05:05:25","2026-04-24T05:05:25.104Z","5","1.3","stalled","https://888starz.bet/en/games/crash","Crash Play Online 👉 888starz Gambling Games | 888starz.bet"
"2026-04-24","05:06:04","2026-04-24T05:06:04.706Z","6","27.2","stalled","https://888starz.bet/en/games/crash","Crash Play Online 👉 888starz Gambling Games | 888starz.bet"
"2026-04-24","05:06:21","2026-04-24T05:06:21.109Z","7","2","stalled","https://888starz.bet/en/games/crash","Crash Play Online 👉 888starz Gambling Games | 888starz.bet"
"2026-04-24","05:06:37","2026-04-24T05:06:37.118Z","8","1.86","stalled","https://888starz.bet/en/games/crash","Crash Play Online 👉 888starz Gambling Games | 888starz.bet"
"2026-04-24","05:06:50","2026-04-24T05:06:50.704Z","9","1.33","stalled","https://888starz.bet/en/games/crash","Crash Play Online 👉 888starz Gambling Games | 888starz.bet"
"2026-04-24","05:07:08","2026-04-24T05:07:08.304Z","10","2.4","stalled","https://888starz.bet/en/games/crash","Crash Play Online 👉 888starz Gambling Games | 888starz.bet"
"2026-04-24","05:07:31","2026-04-24T05:07:31.114Z","11","5.58","stalled","https://888starz.bet/en/games/crash","Crash Play Online 👉 888starz Gambling Games | 888starz.bet"
"2026-04-24","05:07:49","2026-04-24T05:07:49.910Z","12","3.05","stalled","https://888starz.bet/en/games/crash","Crash Play Online 👉 888starz Gambling Games | 888starz.bet"
"2026-04-24","05:08:03","2026-04-24T05:08:03.905Z","13","1.39","stalled","https://888starz.bet/en/games/crash","Crash Play Online 👉 888starz Gambling Games | 888starz.bet"
"2026-04-24","05:08:31","2026-04-24T05:08:31.507Z","14","9.88","stalled","https://888starz.bet/en/games/crash","Crash Play Online 👉 888starz Gambling Games | 888starz.bet"
"2026-04-24","05:12:19","2026-04-24T05:12:19.123Z","15","4.97","stalled","https://888starz.bet/en/games/crash","Crash Play Online 👉 888starz Gambling Games | 888starz.bet"
"2026-04-24","05:12:40","2026-04-24T05:12:40.277Z","1","1.42","stalled","https://888starz.bet/games-frame/games/371?co=96&cu=27&lg=en&wh=55","Crash"
"2026-04-24","05:12:55","2026-04-24T05:12:55.872Z","2","1.74","stalled","https://888starz.bet/games-frame/games/371?co=96&cu=27&lg=en&wh=55","Crash"
"2026-04-24","05:13:08","2026-04-24T05:13:08.669Z","3","1.19","stalled","https://888starz.bet/games-frame/games/371?co=96&cu=27&lg=en&wh=55","Crash"
"2026-04-24","05:13:21","2026-04-24T05:13:21.868Z","4","1.17","stalled","https://888starz.bet/games-frame/games/371?co=96&cu=27&lg=en&wh=55","Crash"
"2026-04-24","05:13:59","2026-04-24T05:13:59.070Z","5","8","stalled","https://888starz.bet/games-frame/games/371?co=96&cu=27&lg=en&wh=55","Crash"
"2026-04-24","05:18:37","2026-04-24T05:18:37.375Z","1","1.06","stalled","https://888starz.bet/games-frame/games/371?co=96&cu=27&lg=en&wh=55","Crash"
"2026-04-24","05:18:54","2026-04-24T05:18:54.575Z","2","2.35","stalled","https://888starz.bet/games-frame/games/371?co=96&cu=27&lg=en&wh=55","Crash"
"2026-04-24","05:19:22","2026-04-24T05:19:22.208Z","3","2.19","stalled","https://888starz.bet/games-frame/games/371?co=96&cu=27&lg=en&wh=55","Crash"
"2026-04-24","05:19:32","2026-04-24T05:19:32.176Z","4","1.44","stalled","https://888starz.bet/games-frame/games/371?co=96&cu=27&lg=en&wh=55","Crash"
"2026-04-24","05:21:34","2026-04-24T05:21:34.177Z","5","1.37","stalled","https://888starz.bet/games-frame/games/371?co=96&cu=27&lg=en&wh=55","Crash"
"2026-04-24","05:21:50","2026-04-24T05:21:50.038Z","1","7.32","stalled","https://888starz.bet/games-frame/games/371?co=96&cu=27&lg=en&wh=55","Crash"
"2026-04-24","05:22:04","2026-04-24T05:22:04.032Z","2","1.38","stalled","https://888starz.bet/games-frame/games/371?co=96&cu=27&lg=en&wh=55","Crash"
"2026-04-24","05:22:22","2026-04-24T05:22:22.030Z","3","2.67","stalled","https://888starz.bet/games-frame/games/371?co=96&cu=27&lg=en&wh=55","Crash"
"2026-04-24","05:22:42","2026-04-24T05:22:42.433Z","4","3.79","stalled","https://888starz.bet/games-frame/games/371?co=96&cu=27&lg=en&wh=55","Crash"
"2026-04-24","05:22:56","2026-04-24T05:22:56.830Z","5","1.53","stalled","https://888starz.bet/games-frame/games/371?co=96&cu=27&lg=en&wh=55","Crash"
"2026-04-24","05:23:12","2026-04-24T05:23:12.030Z","6","1.54","stalled","https://888starz.bet/games-frame/games/371?co=96&cu=27&lg=en&wh=55","Crash"
"2026-04-24","05:26:01","2026-04-24T05:26:01.872Z","7","3.32","stalled","https://888starz.bet/games-frame/games/371?co=96&cu=27&lg=en&wh=55","Crash"
"2026-04-24","05:30:43","2026-04-24T05:30:43.234Z","1","3.46","stalled","https://888starz.bet/en/games/crash","Crash Play Online 👉 888starz Gambling Games | 888starz.bet"
"2026-04-24","05:31:01","2026-04-24T05:31:01.543Z","2","2.94","stalled","https://888starz.bet/en/games/crash","Crash Play Online 👉 888starz Gambling Games | 888starz.bet"
"2026-04-24","05:31:33","2026-04-24T05:31:33.932Z","3","3.28","stalled","https://888starz.bet/en/games/crash","Crash Play Online 👉 888starz Gambling Games | 888starz.bet"
"2026-04-24","05:31:49","2026-04-24T05:31:49.134Z","4","1.56","stalled","https://888starz.bet/en/games/crash","Crash Play Online 👉 888starz Gambling Games | 888starz.bet"
"2026-04-24","05:32:05","2026-04-24T05:32:05.534Z","5","2.06","stalled","https://888starz.bet/en/games/crash","Crash Play Online 👉 888starz Gambling Games | 888starz.bet"
"2026-04-24","05:32:19","2026-04-24T05:32:19.132Z","6","1.29","stalled","https://888starz.bet/en/games/crash","Crash Play Online 👉 888starz Gambling Games | 888starz.bet"
"2026-04-24","05:32:47","2026-04-24T05:32:47.133Z","7","1.98","stalled","https://888starz.bet/en/games/crash","Crash Play Online 👉 888starz Gambling Games | 888starz.bet"
"2026-04-24","05:33:23","2026-04-24T05:33:23.141Z","8","20.75","stalled","https://888starz.bet/en/games/crash","Crash Play Online 👉 888starz Gambling Games | 888starz.bet"
"2026-04-24","05:45:05","2026-04-24T05:45:05.596Z","9","13.18","stalled","https://888starz.bet/en/games/crash","Crash Play Online 👉 888starz Gambling Games | 888starz.bet"
"2026-04-24","05:45:55","2026-04-24T05:45:55.925Z","10","23.11","stalled","https://888starz.bet/en/games/crash","Crash Play Online 👉 888starz Gambling Games | 888starz.bet"
"2026-04-24","05:46:08","2026-04-24T05:46:08.318Z","11","1.1","stalled","https://888starz.bet/en/games/crash","Crash Play Online 👉 888starz Gambling Games | 888starz.bet"
"2026-04-24","05:46:21","2026-04-24T05:46:21.119Z","12","1.13","stalled","https://888starz.bet/en/games/crash","Crash Play Online 👉 888starz Gambling Games | 888starz.bet"
"2026-04-24","05:46:40","2026-04-24T05:46:40.319Z","13","3.26","stalled","https://888starz.bet/en/games/crash","Crash Play Online 👉 888starz Gambling Games | 888starz.bet"
"2026-04-24","05:46:55","2026-04-24T05:46:55.532Z","14","1.65","stalled","https://888starz.bet/en/games/crash","Crash Play Online 👉 888starz Gambling Games | 888starz.bet"
"2026-04-24","05:47:09","2026-04-24T05:47:09.130Z","15","1.28","stalled","https://888starz.bet/en/games/crash","Crash Play Online 👉 888starz Gambling Games | 888starz.bet"
"2026-04-24","05:47:22","2026-04-24T05:47:22.727Z","16","1.31","stalled","https://888starz.bet/en/games/crash","Crash Play Online 👉 888starz Gambling Games | 888starz.bet"
"2026-04-24","05:47:37","2026-04-24T05:47:37.916Z","17","1.58","stalled","https://888starz.bet/en/games/crash","Crash Play Online 👉 888starz Gambling Games | 888starz.bet"
"2026-04-24","05:47:57","2026-04-24T05:47:57.123Z","18","3.27","stalled","https://888starz.bet/en/games/crash","Crash Play Online 👉 888starz Gambling Games | 888starz.bet"
"2026-04-24","05:48:20","2026-04-24T05:48:20.123Z","19","5.47","stalled","https://888starz.bet/en/games/crash","Crash Play Online 👉 888starz Gambling Games | 888starz.bet"
"2026-04-24","05:48:40","2026-04-24T05:48:40.738Z","20","4.35","stalled","https://888starz.bet/en/games/crash","Crash Play Online 👉 888starz Gambling Games | 888starz.bet"
"2026-04-24","05:49:18","2026-04-24T05:49:18.325Z","21","8.5","stalled","https://888starz.bet/en/games/crash","Crash Play Online 👉 888starz Gambling Games | 888starz.bet"
"2026-04-24","05:49:33","2026-04-24T05:49:33.116Z","22","1.61","stalled","https://888starz.bet/en/games/crash","Crash Play Online 👉 888starz Gambling Games | 888starz.bet"
"2026-04-24","05:49:52","2026-04-24T05:49:52.716Z","23","3.48","stalled","https://888starz.bet/en/games/crash","Crash Play Online 👉 888starz Gambling Games | 888starz.bet"
"2026-04-24","05:50:09","2026-04-24T05:50:09.516Z","24","2.27","stalled","https://888starz.bet/en/games/crash","Crash Play Online 👉 888starz Gambling Games | 888starz.bet"
"2026-04-24","05:50:25","2026-04-24T05:50:25.525Z","25","1.85","stalled","https://888starz.bet/en/games/crash","Crash Play Online 👉 888starz Gambling Games | 888starz.bet"
"2026-04-24","05:50:48","2026-04-24T05:50:48.730Z","26","5.95","stalled","https://888starz.bet/en/games/crash","Crash Play Online 👉 888starz Gambling Games | 888starz.bet"
"2026-04-24","05:51:03","2026-04-24T05:51:03.119Z","27","1.48","stalled","https://888starz.bet/en/games/crash","Crash Play Online 👉 888starz Gambling Games | 888starz.bet"
"2026-04-24","05:51:16","2026-04-24T05:51:16.321Z","28","1.18","stalled","https://888starz.bet/en/games/crash","Crash Play Online 👉 888starz Gambling Games | 888starz.bet"
"2026-04-24","05:51:33","2026-04-24T05:51:33.128Z","29","2.24","stalled","https://888starz.bet/en/games/crash","Crash Play Online 👉 888starz Gambling Games | 888starz.bet"
"2026-04-24","05:51:52","2026-04-24T05:51:52.320Z","30","3.25","stalled","https://888starz.bet/en/games/crash","Crash Play Online 👉 888starz Gambling Games | 888starz.bet"
"2026-04-24","05:52:08","2026-04-24T05:52:08.723Z","31","1.98","stalled","https://888starz.bet/en/games/crash","Crash Play Online 👉 888starz Gambling Games | 888starz.bet"
"2026-04-24","05:52:24","2026-04-24T05:52:24.715Z","32","1.87","stalled","https://888starz.bet/en/games/crash","Crash Play Online 👉 888starz Gambling Games | 888starz.bet"
"2026-04-24","05:52:37","2026-04-24T05:52:37.118Z","33","1.1","stalled","https://888starz.bet/en/games/crash","Crash Play Online 👉 888starz Gambling Games | 888starz.bet"
"2026-04-24","05:53:07","2026-04-24T05:53:07.519Z","34","12.99","stalled","https://888starz.bet/en/games/crash","Crash Play Online 👉 888starz Gambling Games | 888starz.bet"
"2026-04-24","05:53:23","2026-04-24T05:53:23.918Z","35","2.2","stalled","https://888starz.bet/en/games/crash","Crash Play Online 👉 888starz Gambling Games | 888starz.bet"
"2026-04-24","05:53:38","2026-04-24T05:53:38.723Z","36","1.5","stalled","https://888starz.bet/en/games/crash","Crash Play Online 👉 888starz Gambling Games | 888starz.bet"
"2026-04-24","05:53:51","2026-04-24T05:53:51.918Z","37","1.22","stalled","https://888starz.bet/en/games/crash","Crash Play Online 👉 888starz Gambling Games | 888starz.bet"
"2026-04-24","05:54:47","2026-04-24T05:54:47.556Z","1","2.54","stalled","https://888starz.bet/en/games/crash","Crash Play Online 👉 888starz Gambling Games | 888starz.bet"
"2026-04-24","05:55:24","2026-04-24T05:55:24.563Z","1","1.21","stalled","https://888starz.bet/games-frame/games/371?co=96&cu=27&lg=en&wh=55","Crash"
"2026-04-24","05:55:39","2026-04-24T05:55:39.760Z","2","1.84","stalled","https://888starz.bet/games-frame/games/371?co=96&cu=27&lg=en&wh=55","Crash"
"2026-04-24","05:56:56","2026-04-24T05:56:56.162Z","3","11.06","stalled","https://888starz.bet/games-frame/games/371?co=96&cu=27&lg=en&wh=55","Crash"